Question_ID,Question,Type,Answer,Path
1,Why is the car going straight?,Causal,Because the road is clear.,/home/shahin/Documents/VQA_AD/Selected_segments_frames/Go_straight_seg1_frame1.jpg
2,Why is the car going straight?,Causal,Because the road is clear.,/home/shahin/Documents/VQA_AD/Selected_segments_frames/Go_straight_seg1_frame2.jpg
3,Why is the car going straight?,Causal,Because the road is clear.,/home/shahin/Documents/VQA_AD/Selected_segments_frames/Go_straight_seg1_frame3.jpg
4,Why is the car going straight?,Causal,Because the road is clear.,/home/shahin/Documents/VQA_AD/Selected_segments_frames/Go_straight_seg1_frame4.jpg
5,Why is the car going straight?,Causal,Because the road is clear.,/home/shahin/Documents/VQA_AD/Selected_segments_frames/Go_straight_seg1_frame5.jpg
6,Why is the car going straight?,Causal,Because the road is clear.,/home/shahin/Documents/VQA_AD/Selected_segments_frames/Go_straight_seg1_frame6.jpg
7,Why is the car going straight?,Causal,Because the road is clear.,/home/shahin/Documents/VQA_AD/Selected_segments_frames/Go_straight_seg1_frame7.jpg
8,Why is the car going straight?,Causal,Because the road is clear.,/home/shahin/Documents/VQA_AD/Selected_segments_frames/Go_straight_seg1_frame8.jpg
9,Why is the car going straight?,Causal,Because the road is clear.,/home/shahin/Documents/VQA_AD/Selected_segments_frames/Go_straight_seg1_frame9.jpg
10,Why is the car going straight?,Causal,Because the road is clear.,/home/shahin/Documents/VQA_AD/Selected_segments_frames/Go_straight_seg1_frame10.jpg
11,Why is the car going straight?,Causal,Because the road is clear.,/home/shahin/Documents/VQA_AD/Selected_segments_frames/Go_straight_seg2_frame1.jpg
12,Why is the car going straight?,Causal,Because the road is clear.,/home/shahin/Documents/VQA_AD/Selected_segments_frames/Go_straight_seg2_frame10.jpg
13,Why is the car going straight?,Causal,Because the road is clear.,/home/shahin/Documents/VQA_AD/Selected_segments_frames/Go_straight_seg2_frame2.jpg
14,Why is the car going straight?,Causal,Because the road is clear.,/home/shahin/Documents/VQA_AD/Selected_segments_frames/Go_straight_seg2_frame3.jpg
15,Why is the car going straight?,Causal,Because the road is clear.,/home/shahin/Documents/VQA_AD/Selected_segments_frames/Go_straight_seg2_frame4.jpg
16,Why is the car going straight?,Causal,Because the road is clear.,/home/shahin/Documents/VQA_AD/Selected_segments_frames/Go_straight_seg2_frame5.jpg
17,Why is the car going straight?,Causal,Because the road is clear.,/home/shahin/Documents/VQA_AD/Selected_segments_frames/Go_straight_seg2_frame6.jpg
18,Why is the car going straight?,Causal,Because the road is clear.,/home/shahin/Documents/VQA_AD/Selected_segments_frames/Go_straight_seg2_frame7.jpg
19,Why is the car going straight?,Causal,Because the road is clear.,/home/shahin/Documents/VQA_AD/Selected_segments_frames/Go_straight_seg2_frame8.jpg
20,Why is the car going straight?,Causal,Because the road is clear.,/home/shahin/Documents/VQA_AD/Selected_segments_frames/Go_straight_seg2_frame9.jpg
21,Why is the car going straight?,Causal,Because the road is clear.,/home/shahin/Documents/VQA_AD/Selected_segments_frames/Go_straight_seg3_frame1.jpg
22,Why is the car going straight?,Causal,Because the road is clear.,/home/shahin/Documents/VQA_AD/Selected_segments_frames/Go_straight_seg3_frame10.jpg
23,Why is the car going straight?,Causal,Because the road is clear.,/home/shahin/Documents/VQA_AD/Selected_segments_frames/Go_straight_seg3_frame2.jpg
24,Why is the car going straight?,Causal,Because the road is clear.,/home/shahin/Documents/VQA_AD/Selected_segments_frames/Go_straight_seg3_frame3.jpg
25,Why is the car going straight?,Causal,Because the road is clear.,/home/shahin/Documents/VQA_AD/Selected_segments_frames/Go_straight_seg3_frame4.jpg
26,Why is the car going straight?,Causal,Because the road is clear.,/home/shahin/Documents/VQA_AD/Selected_segments_frames/Go_straight_seg3_frame5.jpg
27,Why is the car going straight?,Causal,Because the road is clear.,/home/shahin/Documents/VQA_AD/Selected_segments_frames/Go_straight_seg3_frame6.jpg
28,Why is the car going straight?,Causal,Because the road is clear.,/home/shahin/Documents/VQA_AD/Selected_segments_frames/Go_straight_seg3_frame7.jpg
29,Why is the car going straight?,Causal,Because the road is clear.,/home/shahin/Documents/VQA_AD/Selected_segments_frames/Go_straight_seg3_frame8.jpg
30,Why is the car going straight?,Causal,Because the road is clear.,/home/shahin/Documents/VQA_AD/Selected_segments_frames/Go_straight_seg3_frame9.jpg
31,Why is the car going straight?,Causal,Because the road is clear.,/home/shahin/Documents/VQA_AD/Selected_segments_frames/Go_straight_seg4_frame1.jpg
32,Why is the car going straight?,Causal,Because the road is clear.,/home/shahin/Documents/VQA_AD/Selected_segments_frames/Go_straight_seg4_frame10.jpg
33,Why is the car going straight?,Causal,Because the road is clear.,/home/shahin/Documents/VQA_AD/Selected_segments_frames/Go_straight_seg4_frame2.jpg
34,Why is the car going straight?,Causal,Because the road is clear.,/home/shahin/Documents/VQA_AD/Selected_segments_frames/Go_straight_seg4_frame3.jpg
35,Why is the car going straight?,Causal,Because the road is clear.,/home/shahin/Documents/VQA_AD/Selected_segments_frames/Go_straight_seg4_frame4.jpg
36,Why is the car going straight?,Causal,Because the road is clear.,/home/shahin/Documents/VQA_AD/Selected_segments_frames/Go_straight_seg4_frame5.jpg
37,Why is the car going straight?,Causal,Because the road is clear.,/home/shahin/Documents/VQA_AD/Selected_segments_frames/Go_straight_seg4_frame6.jpg
38,Why is the car going straight?,Causal,Because the road is clear.,/home/shahin/Documents/VQA_AD/Selected_segments_frames/Go_straight_seg4_frame7.jpg
39,Why is the car going straight?,Causal,Because the road is clear.,/home/shahin/Documents/VQA_AD/Selected_segments_frames/Go_straight_seg4_frame8.jpg
40,Why is the car going straight?,Causal,Because the road is clear.,/home/shahin/Documents/VQA_AD/Selected_segments_frames/Go_straight_seg4_frame9.jpg
41,Why is the car going straight?,Causal,Because the road is clear.,/home/shahin/Documents/VQA_AD/Selected_segments_frames/Go_straight_seg5_frame1.jpg
42,Why is the car going straight?,Causal,Because the road is clear.,/home/shahin/Documents/VQA_AD/Selected_segments_frames/Go_straight_seg5_frame10.jpg
43,Why is the car going straight?,Causal,Because the road is clear.,/home/shahin/Documents/VQA_AD/Selected_segments_frames/Go_straight_seg5_frame2.jpg
44,Why is the car going straight?,Causal,Because the road is clear.,/home/shahin/Documents/VQA_AD/Selected_segments_frames/Go_straight_seg5_frame3.jpg
45,Why is the car going straight?,Causal,Because the road is clear.,/home/shahin/Documents/VQA_AD/Selected_segments_frames/Go_straight_seg5_frame4.jpg
46,Why is the car going straight?,Causal,Because the road is clear.,/home/shahin/Documents/VQA_AD/Selected_segments_frames/Go_straight_seg5_frame5.jpg
47,Why is the car going straight?,Causal,Because the road is clear.,/home/shahin/Documents/VQA_AD/Selected_segments_frames/Go_straight_seg5_frame6.jpg
48,Why is the car going straight?,Causal,Because the road is clear.,/home/shahin/Documents/VQA_AD/Selected_segments_frames/Go_straight_seg5_frame7.jpg
49,Why is the car going straight?,Causal,Because the road is clear.,/home/shahin/Documents/VQA_AD/Selected_segments_frames/Go_straight_seg5_frame8.jpg
50,Why is the car going straight?,Causal,Because the road is clear.,/home/shahin/Documents/VQA_AD/Selected_segments_frames/Go_straight_seg5_frame9.jpg
51,Why is the car turning right at T-junction?,Causal,Because there is no obstacle on the left side and turning right can be performed safely.,/home/shahin/Documents/VQA_AD/Selected_segments_frames/Right_turn_junction_seg1_frame1.jpg
52,Why is the car turning right at T-junction?,Causal,Because there is no obstacle on the left side and turning right can be performed safely.,/home/shahin/Documents/VQA_AD/Selected_segments_frames/Right_turn_junction_seg1_frame10.jpg
53,Why is the car turning right at T-junction?,Causal,Because there is no obstacle on the left side and turning right can be performed safely.,/home/shahin/Documents/VQA_AD/Selected_segments_frames/Right_turn_junction_seg1_frame2.jpg
54,Why is the car turning right at T-junction?,Causal,Because there is no obstacle on the left side and turning right can be performed safely.,/home/shahin/Documents/VQA_AD/Selected_segments_frames/Right_turn_junction_seg1_frame3.jpg
55,Why is the car turning right at T-junction?,Causal,Because there is no obstacle on the left side and turning right can be performed safely.,/home/shahin/Documents/VQA_AD/Selected_segments_frames/Right_turn_junction_seg1_frame4.jpg
56,Why is the car turning right at T-junction?,Causal,Because there is no obstacle on the left side and turning right can be performed safely.,/home/shahin/Documents/VQA_AD/Selected_segments_frames/Right_turn_junction_seg1_frame5.jpg
57,Why is the car turning right at T-junction?,Causal,Because there is no obstacle on the left side and turning right can be performed safely.,/home/shahin/Documents/VQA_AD/Selected_segments_frames/Right_turn_junction_seg1_frame6.jpg
58,Why is the car turning right at T-junction?,Causal,Because there is no obstacle on the left side and turning right can be performed safely.,/home/shahin/Documents/VQA_AD/Selected_segments_frames/Right_turn_junction_seg1_frame7.jpg
59,Why is the car turning right at T-junction?,Causal,Because there is no obstacle on the left side and turning right can be performed safely.,/home/shahin/Documents/VQA_AD/Selected_segments_frames/Right_turn_junction_seg1_frame8.jpg
60,Why is the car turning right at T-junction?,Causal,Because there is no obstacle on the left side and turning right can be performed safely.,/home/shahin/Documents/VQA_AD/Selected_segments_frames/Right_turn_junction_seg1_frame9.jpg
61,Why is the car turning right at T-junction?,Causal,Because there is no obstacle on the left side and turning right can be performed safely.,/home/shahin/Documents/VQA_AD/Selected_segments_frames/Right_turn_junction_seg2_frame1.jpg
62,Why is the car turning right at T-junction?,Causal,Because there is no obstacle on the left side and turning right can be performed safely.,/home/shahin/Documents/VQA_AD/Selected_segments_frames/Right_turn_junction_seg2_frame10.jpg
63,Why is the car turning right at T-junction?,Causal,Because there is no obstacle on the left side and turning right can be performed safely.,/home/shahin/Documents/VQA_AD/Selected_segments_frames/Right_turn_junction_seg2_frame2.jpg
64,Why is the car turning right at T-junction?,Causal,Because there is no obstacle on the left side and turning right can be performed safely.,/home/shahin/Documents/VQA_AD/Selected_segments_frames/Right_turn_junction_seg2_frame3.jpg
65,Why is the car turning right at T-junction?,Causal,Because there is no obstacle on the left side and turning right can be performed safely.,/home/shahin/Documents/VQA_AD/Selected_segments_frames/Right_turn_junction_seg2_frame4.jpg
66,Why is the car turning right at T-junction?,Causal,Because there is no obstacle on the left side and turning right can be performed safely.,/home/shahin/Documents/VQA_AD/Selected_segments_frames/Right_turn_junction_seg2_frame5.jpg
67,Why is the car turning right at T-junction?,Causal,Because there is no obstacle on the left side and turning right can be performed safely.,/home/shahin/Documents/VQA_AD/Selected_segments_frames/Right_turn_junction_seg2_frame6.jpg
68,Why is the car turning right at T-junction?,Causal,Because there is no obstacle on the left side and turning right can be performed safely.,/home/shahin/Documents/VQA_AD/Selected_segments_frames/Right_turn_junction_seg2_frame7.jpg
69,Why is the car turning right at T-junction?,Causal,Because there is no obstacle on the left side and turning right can be performed safely.,/home/shahin/Documents/VQA_AD/Selected_segments_frames/Right_turn_junction_seg2_frame8.jpg
70,Why is the car turning right at T-junction?,Causal,Because there is no obstacle on the left side and turning right can be performed safely.,/home/shahin/Documents/VQA_AD/Selected_segments_frames/Right_turn_junction_seg2_frame9.jpg
71,Why is the car turning right at T-junction?,Causal,Because there is no obstacle on the left side and turning right can be performed safely.,/home/shahin/Documents/VQA_AD/Selected_segments_frames/Right_turn_junction_seg3_frame1.jpg
72,Why is the car turning right at T-junction?,Causal,Because there is no obstacle on the left side and turning right can be performed safely.,/home/shahin/Documents/VQA_AD/Selected_segments_frames/Right_turn_junction_seg3_frame10.jpg
73,Why is the car turning right at T-junction?,Causal,Because there is no obstacle on the left side and turning right can be performed safely.,/home/shahin/Documents/VQA_AD/Selected_segments_frames/Right_turn_junction_seg3_frame2.jpg
74,Why is the car turning right at T-junction?,Causal,Because there is no obstacle on the left side and turning right can be performed safely.,/home/shahin/Documents/VQA_AD/Selected_segments_frames/Right_turn_junction_seg3_frame3.jpg
75,Why is the car turning right at T-junction?,Causal,Because there is no obstacle on the left side and turning right can be performed safely.,/home/shahin/Documents/VQA_AD/Selected_segments_frames/Right_turn_junction_seg3_frame4.jpg
76,Why is the car turning right at T-junction?,Causal,Because there is no obstacle on the left side and turning right can be performed safely.,/home/shahin/Documents/VQA_AD/Selected_segments_frames/Right_turn_junction_seg3_frame5.jpg
77,Why is the car turning right at T-junction?,Causal,Because there is no obstacle on the left side and turning right can be performed safely.,/home/shahin/Documents/VQA_AD/Selected_segments_frames/Right_turn_junction_seg3_frame6.jpg
78,Why is the car turning right at T-junction?,Causal,Because there is no obstacle on the left side and turning right can be performed safely.,/home/shahin/Documents/VQA_AD/Selected_segments_frames/Right_turn_junction_seg3_frame7.jpg
79,Why is the car turning right at T-junction?,Causal,Because there is no obstacle on the left side and turning right can be performed safely.,/home/shahin/Documents/VQA_AD/Selected_segments_frames/Right_turn_junction_seg3_frame8.jpg
80,Why is the car turning right at T-junction?,Causal,Because there is no obstacle on the left side and turning right can be performed safely.,/home/shahin/Documents/VQA_AD/Selected_segments_frames/Right_turn_junction_seg3_frame9.jpg
81,Why is the car turning right at T-junction?,Causal,Because there is no obstacle on the left side and turning right can be performed safely.,/home/shahin/Documents/VQA_AD/Selected_segments_frames/Right_turn_junction_seg4_frame1.jpg
82,Why is the car turning right at T-junction?,Causal,Because there is no obstacle on the left side and turning right can be performed safely.,/home/shahin/Documents/VQA_AD/Selected_segments_frames/Right_turn_junction_seg4_frame10.jpg
83,Why is the car turning right at T-junction?,Causal,Because there is no obstacle on the left side and turning right can be performed safely.,/home/shahin/Documents/VQA_AD/Selected_segments_frames/Right_turn_junction_seg4_frame2.jpg
84,Why is the car turning right at T-junction?,Causal,Because there is no obstacle on the left side and turning right can be performed safely.,/home/shahin/Documents/VQA_AD/Selected_segments_frames/Right_turn_junction_seg4_frame3.jpg
85,Why is the car turning right at T-junction?,Causal,Because there is no obstacle on the left side and turning right can be performed safely.,/home/shahin/Documents/VQA_AD/Selected_segments_frames/Right_turn_junction_seg4_frame4.jpg
86,Why is the car turning right at T-junction?,Causal,Because there is no obstacle on the left side and turning right can be performed safely.,/home/shahin/Documents/VQA_AD/Selected_segments_frames/Right_turn_junction_seg4_frame5.jpg
87,Why is the car turning right at T-junction?,Causal,Because there is no obstacle on the left side and turning right can be performed safely.,/home/shahin/Documents/VQA_AD/Selected_segments_frames/Right_turn_junction_seg4_frame6.jpg
88,Why is the car turning right at T-junction?,Causal,Because there is no obstacle on the left side and turning right can be performed safely.,/home/shahin/Documents/VQA_AD/Selected_segments_frames/Right_turn_junction_seg4_frame7.jpg
89,Why is the car turning right at T-junction?,Causal,Because there is no obstacle on the left side and turning right can be performed safely.,/home/shahin/Documents/VQA_AD/Selected_segments_frames/Right_turn_junction_seg4_frame8.jpg
90,Why is the car turning right at T-junction?,Causal,Because there is no obstacle on the left side and turning right can be performed safely.,/home/shahin/Documents/VQA_AD/Selected_segments_frames/Right_turn_junction_seg4_frame9.jpg
91,Why is the car turning right at T-junction?,Causal,Because there is no obstacle on the left side and turning right can be performed safely.,/home/shahin/Documents/VQA_AD/Selected_segments_frames/Right_turn_junction_seg5_frame1.jpg
92,Why is the car turning right at T-junction?,Causal,Because there is no obstacle on the left side and turning right can be performed safely.,/home/shahin/Documents/VQA_AD/Selected_segments_frames/Right_turn_junction_seg5_frame10.jpg
93,Why is the car turning right at T-junction?,Causal,Because there is no obstacle on the left side and turning right can be performed safely.,/home/shahin/Documents/VQA_AD/Selected_segments_frames/Right_turn_junction_seg5_frame2.jpg
94,Why is the car turning right at T-junction?,Causal,Because there is no obstacle on the left side and turning right can be performed safely.,/home/shahin/Documents/VQA_AD/Selected_segments_frames/Right_turn_junction_seg5_frame3.jpg
95,Why is the car turning right at T-junction?,Causal,Because there is no obstacle on the left side and turning right can be performed safely.,/home/shahin/Documents/VQA_AD/Selected_segments_frames/Right_turn_junction_seg5_frame4.jpg
96,Why is the car turning right at T-junction?,Causal,Because there is no obstacle on the left side and turning right can be performed safely.,/home/shahin/Documents/VQA_AD/Selected_segments_frames/Right_turn_junction_seg5_frame5.jpg
97,Why is the car turning right at T-junction?,Causal,Because there is no obstacle on the left side and turning right can be performed safely.,/home/shahin/Documents/VQA_AD/Selected_segments_frames/Right_turn_junction_seg5_frame6.jpg
98,Why is the car turning right at T-junction?,Causal,Because there is no obstacle on the left side and turning right can be performed safely.,/home/shahin/Documents/VQA_AD/Selected_segments_frames/Right_turn_junction_seg5_frame7.jpg
99,Why is the car turning right at T-junction?,Causal,Because there is no obstacle on the left side and turning right can be performed safely.,/home/shahin/Documents/VQA_AD/Selected_segments_frames/Right_turn_junction_seg5_frame8.jpg
100,Why is the car turning right at T-junction?,Causal,Because there is no obstacle on the left side and turning right can be performed safely.,/home/shahin/Documents/VQA_AD/Selected_segments_frames/Right_turn_junction_seg5_frame9.jpg
101,Why is the car turning left at T-junction?,Causal,Because there is no obstacle on the right side and turning left can be performed safely.,/home/shahin/Documents/VQA_AD/Selected_segments_frames/Turn_left_junction_seg1_frame1.jpg
102,Why is the car turning left at T-junction?,Causal,Because there is no obstacle on the right side and turning left can be performed safely.,/home/shahin/Documents/VQA_AD/Selected_segments_frames/Turn_left_junction_seg1_frame10.jpg
103,Why is the car turning left at T-junction?,Causal,Because there is no obstacle on the right side and turning left can be performed safely.,/home/shahin/Documents/VQA_AD/Selected_segments_frames/Turn_left_junction_seg1_frame2.jpg
104,Why is the car turning left at T-junction?,Causal,Because there is no obstacle on the right side and turning left can be performed safely.,/home/shahin/Documents/VQA_AD/Selected_segments_frames/Turn_left_junction_seg1_frame3.jpg
105,Why is the car turning left at T-junction?,Causal,Because there is no obstacle on the right side and turning left can be performed safely.,/home/shahin/Documents/VQA_AD/Selected_segments_frames/Turn_left_junction_seg1_frame4.jpg
106,Why is the car turning left at T-junction?,Causal,Because there is no obstacle on the right side and turning left can be performed safely.,/home/shahin/Documents/VQA_AD/Selected_segments_frames/Turn_left_junction_seg1_frame5.jpg
107,Why is the car turning left at T-junction?,Causal,Because there is no obstacle on the right side and turning left can be performed safely.,/home/shahin/Documents/VQA_AD/Selected_segments_frames/Turn_left_junction_seg1_frame6.jpg
108,Why is the car turning left at T-junction?,Causal,Because there is no obstacle on the right side and turning left can be performed safely.,/home/shahin/Documents/VQA_AD/Selected_segments_frames/Turn_left_junction_seg1_frame7.jpg
109,Why is the car turning left at T-junction?,Causal,Because there is no obstacle on the right side and turning left can be performed safely.,/home/shahin/Documents/VQA_AD/Selected_segments_frames/Turn_left_junction_seg1_frame8.jpg
110,Why is the car turning left at T-junction?,Causal,Because there is no obstacle on the right side and turning left can be performed safely.,/home/shahin/Documents/VQA_AD/Selected_segments_frames/Turn_left_junction_seg1_frame9.jpg
111,Why is the car turning left at T-junction?,Causal,Because there is no obstacle on the right side and turning left can be performed safely.,/home/shahin/Documents/VQA_AD/Selected_segments_frames/Turn_left_junction_seg2_frame1.jpg
112,Why is the car turning left at T-junction?,Causal,Because there is no obstacle on the right side and turning left can be performed safely.,/home/shahin/Documents/VQA_AD/Selected_segments_frames/Turn_left_junction_seg2_frame10.jpg
113,Why is the car turning left at T-junction?,Causal,Because there is no obstacle on the right side and turning left can be performed safely.,/home/shahin/Documents/VQA_AD/Selected_segments_frames/Turn_left_junction_seg2_frame2.jpg
114,Why is the car turning left at T-junction?,Causal,Because there is no obstacle on the right side and turning left can be performed safely.,/home/shahin/Documents/VQA_AD/Selected_segments_frames/Turn_left_junction_seg2_frame3.jpg
115,Why is the car turning left at T-junction?,Causal,Because there is no obstacle on the right side and turning left can be performed safely.,/home/shahin/Documents/VQA_AD/Selected_segments_frames/Turn_left_junction_seg2_frame4.jpg
116,Why is the car turning left at T-junction?,Causal,Because there is no obstacle on the right side and turning left can be performed safely.,/home/shahin/Documents/VQA_AD/Selected_segments_frames/Turn_left_junction_seg2_frame5.jpg
117,Why is the car turning left at T-junction?,Causal,Because there is no obstacle on the right side and turning left can be performed safely.,/home/shahin/Documents/VQA_AD/Selected_segments_frames/Turn_left_junction_seg2_frame6.jpg
118,Why is the car turning left at T-junction?,Causal,Because there is no obstacle on the right side and turning left can be performed safely.,/home/shahin/Documents/VQA_AD/Selected_segments_frames/Turn_left_junction_seg2_frame7.jpg
119,Why is the car turning left at T-junction?,Causal,Because there is no obstacle on the right side and turning left can be performed safely.,/home/shahin/Documents/VQA_AD/Selected_segments_frames/Turn_left_junction_seg2_frame8.jpg
120,Why is the car turning left at T-junction?,Causal,Because there is no obstacle on the right side and turning left can be performed safely.,/home/shahin/Documents/VQA_AD/Selected_segments_frames/Turn_left_junction_seg2_frame9.jpg
121,Why is the car turning left at T-junction?,Causal,Because there is no obstacle on the right side and turning left can be performed safely.,/home/shahin/Documents/VQA_AD/Selected_segments_frames/Turn_left_junction_seg3_frame1.jpg
122,Why is the car turning left at T-junction?,Causal,Because there is no obstacle on the right side and turning left can be performed safely.,/home/shahin/Documents/VQA_AD/Selected_segments_frames/Turn_left_junction_seg3_frame10.jpg
123,Why is the car turning left at T-junction?,Causal,Because there is no obstacle on the right side and turning left can be performed safely.,/home/shahin/Documents/VQA_AD/Selected_segments_frames/Turn_left_junction_seg3_frame2.jpg
124,Why is the car turning left at T-junction?,Causal,Because there is no obstacle on the right side and turning left can be performed safely.,/home/shahin/Documents/VQA_AD/Selected_segments_frames/Turn_left_junction_seg3_frame3.jpg
125,Why is the car turning left at T-junction?,Causal,Because there is no obstacle on the right side and turning left can be performed safely.,/home/shahin/Documents/VQA_AD/Selected_segments_frames/Turn_left_junction_seg3_frame4.jpg
126,Why is the car turning left at T-junction?,Causal,Because there is no obstacle on the right side and turning left can be performed safely.,/home/shahin/Documents/VQA_AD/Selected_segments_frames/Turn_left_junction_seg3_frame5.jpg
127,Why is the car turning left at T-junction?,Causal,Because there is no obstacle on the right side and turning left can be performed safely.,/home/shahin/Documents/VQA_AD/Selected_segments_frames/Turn_left_junction_seg3_frame6.jpg
128,Why is the car turning left at T-junction?,Causal,Because there is no obstacle on the right side and turning left can be performed safely.,/home/shahin/Documents/VQA_AD/Selected_segments_frames/Turn_left_junction_seg3_frame7.jpg
129,Why is the car turning left at T-junction?,Causal,Because there is no obstacle on the right side and turning left can be performed safely.,/home/shahin/Documents/VQA_AD/Selected_segments_frames/Turn_left_junction_seg3_frame8.jpg
130,Why is the car turning left at T-junction?,Causal,Because there is no obstacle on the right side and turning left can be performed safely.,/home/shahin/Documents/VQA_AD/Selected_segments_frames/Turn_left_junction_seg3_frame9.jpg
131,Why is the car turning left at T-junction?,Causal,Because there is no obstacle on the right side and turning left can be performed safely.,/home/shahin/Documents/VQA_AD/Selected_segments_frames/Turn_left_junction_seg4_frame1.jpg
132,Why is the car turning left at T-junction?,Causal,Because there is no obstacle on the right side and turning left can be performed safely.,/home/shahin/Documents/VQA_AD/Selected_segments_frames/Turn_left_junction_seg4_frame10.jpg
133,Why is the car turning left at T-junction?,Causal,Because there is no obstacle on the right side and turning left can be performed safely.,/home/shahin/Documents/VQA_AD/Selected_segments_frames/Turn_left_junction_seg4_frame2.jpg
134,Why is the car turning left at T-junction?,Causal,Because there is no obstacle on the right side and turning left can be performed safely.,/home/shahin/Documents/VQA_AD/Selected_segments_frames/Turn_left_junction_seg4_frame3.jpg
135,Why is the car turning left at T-junction?,Causal,Because there is no obstacle on the right side and turning left can be performed safely.,/home/shahin/Documents/VQA_AD/Selected_segments_frames/Turn_left_junction_seg4_frame4.jpg
136,Why is the car turning left at T-junction?,Causal,Because there is no obstacle on the right side and turning left can be performed safely.,/home/shahin/Documents/VQA_AD/Selected_segments_frames/Turn_left_junction_seg4_frame5.jpg
137,Why is the car turning left at T-junction?,Causal,Because there is no obstacle on the right side and turning left can be performed safely.,/home/shahin/Documents/VQA_AD/Selected_segments_frames/Turn_left_junction_seg4_frame6.jpg
138,Why is the car turning left at T-junction?,Causal,Because there is no obstacle on the right side and turning left can be performed safely.,/home/shahin/Documents/VQA_AD/Selected_segments_frames/Turn_left_junction_seg4_frame7.jpg
139,Why is the car turning left at T-junction?,Causal,Because there is no obstacle on the right side and turning left can be performed safely.,/home/shahin/Documents/VQA_AD/Selected_segments_frames/Turn_left_junction_seg4_frame8.jpg
140,Why is the car turning left at T-junction?,Causal,Because there is no obstacle on the right side and turning left can be performed safely.,/home/shahin/Documents/VQA_AD/Selected_segments_frames/Turn_left_junction_seg4_frame9.jpg
141,Why is the car turning left at T-junction?,Causal,Because there is no obstacle on the right side and turning left can be performed safely.,/home/shahin/Documents/VQA_AD/Selected_segments_frames/Turn_left_junction_seg5_frame1.jpg
142,Why is the car turning left at T-junction?,Causal,Because there is no obstacle on the right side and turning left can be performed safely.,/home/shahin/Documents/VQA_AD/Selected_segments_frames/Turn_left_junction_seg5_frame10.jpg
143,Why is the car turning left at T-junction?,Causal,Because there is no obstacle on the right side and turning left can be performed safely.,/home/shahin/Documents/VQA_AD/Selected_segments_frames/Turn_left_junction_seg5_frame2.jpg
144,Why is the car turning left at T-junction?,Causal,Because there is no obstacle on the right side and turning left can be performed safely.,/home/shahin/Documents/VQA_AD/Selected_segments_frames/Turn_left_junction_seg5_frame3.jpg
145,Why is the car turning left at T-junction?,Causal,Because there is no obstacle on the right side and turning left can be performed safely.,/home/shahin/Documents/VQA_AD/Selected_segments_frames/Turn_left_junction_seg5_frame4.jpg
146,Why is the car turning left at T-junction?,Causal,Because there is no obstacle on the right side and turning left can be performed safely.,/home/shahin/Documents/VQA_AD/Selected_segments_frames/Turn_left_junction_seg5_frame5.jpg
147,Why is the car turning left at T-junction?,Causal,Because there is no obstacle on the right side and turning left can be performed safely.,/home/shahin/Documents/VQA_AD/Selected_segments_frames/Turn_left_junction_seg5_frame6.jpg
148,Why is the car turning left at T-junction?,Causal,Because there is no obstacle on the right side and turning left can be performed safely.,/home/shahin/Documents/VQA_AD/Selected_segments_frames/Turn_left_junction_seg5_frame7.jpg
149,Why is the car turning left at T-junction?,Causal,Because there is no obstacle on the right side and turning left can be performed safely.,/home/shahin/Documents/VQA_AD/Selected_segments_frames/Turn_left_junction_seg5_frame8.jpg
150,Why is the car turning left at T-junction?,Causal,Because there is no obstacle on the right side and turning left can be performed safely.,/home/shahin/Documents/VQA_AD/Selected_segments_frames/Turn_left_junction_seg5_frame9.jpg
151,Why is the car turning to the left?,Causal,Because the road is bending to the left.,/home/shahin/Documents/VQA_AD/Selected_segments_frames/Turn_left_seg1_frame1.jpg
152,Why is the car turning to the left?,Causal,Because the road is bending to the left.,/home/shahin/Documents/VQA_AD/Selected_segments_frames/Turn_left_seg1_frame10.jpg
153,Why is the car turning to the left?,Causal,Because the road is bending to the left.,/home/shahin/Documents/VQA_AD/Selected_segments_frames/Turn_left_seg1_frame2.jpg
154,Why is the car turning to the left?,Causal,Because the road is bending to the left.,/home/shahin/Documents/VQA_AD/Selected_segments_frames/Turn_left_seg1_frame3.jpg
155,Why is the car turning to the left?,Causal,Because the road is bending to the left.,/home/shahin/Documents/VQA_AD/Selected_segments_frames/Turn_left_seg1_frame4.jpg
156,Why is the car turning to the left?,Causal,Because the road is bending to the left.,/home/shahin/Documents/VQA_AD/Selected_segments_frames/Turn_left_seg1_frame5.jpg
157,Why is the car turning to the left?,Causal,Because the road is bending to the left.,/home/shahin/Documents/VQA_AD/Selected_segments_frames/Turn_left_seg1_frame6.jpg
158,Why is the car turning to the left?,Causal,Because the road is bending to the left.,/home/shahin/Documents/VQA_AD/Selected_segments_frames/Turn_left_seg1_frame7.jpg
159,Why is the car turning to the left?,Causal,Because the road is bending to the left.,/home/shahin/Documents/VQA_AD/Selected_segments_frames/Turn_left_seg1_frame8.jpg
160,Why is the car turning to the left?,Causal,Because the road is bending to the left.,/home/shahin/Documents/VQA_AD/Selected_segments_frames/Turn_left_seg1_frame9.jpg
161,Why is the car turning to the left?,Causal,Because the road is bending to the left.,/home/shahin/Documents/VQA_AD/Selected_segments_frames/Turn_left_seg2_frame1.jpg
162,Why is the car turning to the left?,Causal,Because the road is bending to the left.,/home/shahin/Documents/VQA_AD/Selected_segments_frames/Turn_left_seg2_frame10.jpg
163,Why is the car turning to the left?,Causal,Because the road is bending to the left.,/home/shahin/Documents/VQA_AD/Selected_segments_frames/Turn_left_seg2_frame2.jpg
164,Why is the car turning to the left?,Causal,Because the road is bending to the left.,/home/shahin/Documents/VQA_AD/Selected_segments_frames/Turn_left_seg2_frame3.jpg
165,Why is the car turning to the left?,Causal,Because the road is bending to the left.,/home/shahin/Documents/VQA_AD/Selected_segments_frames/Turn_left_seg2_frame4.jpg
166,Why is the car turning to the left?,Causal,Because the road is bending to the left.,/home/shahin/Documents/VQA_AD/Selected_segments_frames/Turn_left_seg2_frame5.jpg
167,Why is the car turning to the left?,Causal,Because the road is bending to the left.,/home/shahin/Documents/VQA_AD/Selected_segments_frames/Turn_left_seg2_frame6.jpg
168,Why is the car turning to the left?,Causal,Because the road is bending to the left.,/home/shahin/Documents/VQA_AD/Selected_segments_frames/Turn_left_seg2_frame7.jpg
169,Why is the car turning to the left?,Causal,Because the road is bending to the left.,/home/shahin/Documents/VQA_AD/Selected_segments_frames/Turn_left_seg2_frame8.jpg
170,Why is the car turning to the left?,Causal,Because the road is bending to the left.,/home/shahin/Documents/VQA_AD/Selected_segments_frames/Turn_left_seg2_frame9.jpg
171,Why is the car turning to the left?,Causal,Because the road is bending to the left.,/home/shahin/Documents/VQA_AD/Selected_segments_frames/Turn_left_seg3_frame1.jpg
172,Why is the car turning to the left?,Causal,Because the road is bending to the left.,/home/shahin/Documents/VQA_AD/Selected_segments_frames/Turn_left_seg3_frame10.jpg
173,Why is the car turning to the left?,Causal,Because the road is bending to the left.,/home/shahin/Documents/VQA_AD/Selected_segments_frames/Turn_left_seg3_frame2.jpg
174,Why is the car turning to the left?,Causal,Because the road is bending to the left.,/home/shahin/Documents/VQA_AD/Selected_segments_frames/Turn_left_seg3_frame3.jpg
175,Why is the car turning to the left?,Causal,Because the road is bending to the left.,/home/shahin/Documents/VQA_AD/Selected_segments_frames/Turn_left_seg3_frame4.jpg
176,Why is the car turning to the left?,Causal,Because the road is bending to the left.,/home/shahin/Documents/VQA_AD/Selected_segments_frames/Turn_left_seg3_frame5.jpg
177,Why is the car turning to the left?,Causal,Because the road is bending to the left.,/home/shahin/Documents/VQA_AD/Selected_segments_frames/Turn_left_seg3_frame6.jpg
178,Why is the car turning to the left?,Causal,Because the road is bending to the left.,/home/shahin/Documents/VQA_AD/Selected_segments_frames/Turn_left_seg3_frame7.jpg
179,Why is the car turning to the left?,Causal,Because the road is bending to the left.,/home/shahin/Documents/VQA_AD/Selected_segments_frames/Turn_left_seg3_frame8.jpg
180,Why is the car turning to the left?,Causal,Because the road is bending to the left.,/home/shahin/Documents/VQA_AD/Selected_segments_frames/Turn_left_seg3_frame9.jpg
181,Why is the car turning to the left?,Causal,Because the road is bending to the left.,/home/shahin/Documents/VQA_AD/Selected_segments_frames/Turn_left_seg4_frame1.jpg
182,Why is the car turning to the left?,Causal,Because the road is bending to the left.,/home/shahin/Documents/VQA_AD/Selected_segments_frames/Turn_left_seg4_frame10.jpg
183,Why is the car turning to the left?,Causal,Because the road is bending to the left.,/home/shahin/Documents/VQA_AD/Selected_segments_frames/Turn_left_seg4_frame2.jpg
184,Why is the car turning to the left?,Causal,Because the road is bending to the left.,/home/shahin/Documents/VQA_AD/Selected_segments_frames/Turn_left_seg4_frame3.jpg
185,Why is the car turning to the left?,Causal,Because the road is bending to the left.,/home/shahin/Documents/VQA_AD/Selected_segments_frames/Turn_left_seg4_frame4.jpg
186,Why is the car turning to the left?,Causal,Because the road is bending to the left.,/home/shahin/Documents/VQA_AD/Selected_segments_frames/Turn_left_seg4_frame5.jpg
187,Why is the car turning to the left?,Causal,Because the road is bending to the left.,/home/shahin/Documents/VQA_AD/Selected_segments_frames/Turn_left_seg4_frame6.jpg
188,Why is the car turning to the left?,Causal,Because the road is bending to the left.,/home/shahin/Documents/VQA_AD/Selected_segments_frames/Turn_left_seg4_frame7.jpg
189,Why is the car turning to the left?,Causal,Because the road is bending to the left.,/home/shahin/Documents/VQA_AD/Selected_segments_frames/Turn_left_seg4_frame8.jpg
190,Why is the car turning to the left?,Causal,Because the road is bending to the left.,/home/shahin/Documents/VQA_AD/Selected_segments_frames/Turn_left_seg4_frame9.jpg
191,Why is the car turning to the left?,Causal,Because the road is bending to the left.,/home/shahin/Documents/VQA_AD/Selected_segments_frames/Turn_left_seg5_frame1.jpg
192,Why is the car turning to the left?,Causal,Because the road is bending to the left.,/home/shahin/Documents/VQA_AD/Selected_segments_frames/Turn_left_seg5_frame10.jpg
193,Why is the car turning to the left?,Causal,Because the road is bending to the left.,/home/shahin/Documents/VQA_AD/Selected_segments_frames/Turn_left_seg5_frame2.jpg
194,Why is the car turning to the left?,Causal,Because the road is bending to the left.,/home/shahin/Documents/VQA_AD/Selected_segments_frames/Turn_left_seg5_frame3.jpg
195,Why is the car turning to the left?,Causal,Because the road is bending to the left.,/home/shahin/Documents/VQA_AD/Selected_segments_frames/Turn_left_seg5_frame4.jpg
196,Why is the car turning to the left?,Causal,Because the road is bending to the left.,/home/shahin/Documents/VQA_AD/Selected_segments_frames/Turn_left_seg5_frame5.jpg
197,Why is the car turning to the left?,Causal,Because the road is bending to the left.,/home/shahin/Documents/VQA_AD/Selected_segments_frames/Turn_left_seg5_frame6.jpg
198,Why is the car turning to the left?,Causal,Because the road is bending to the left.,/home/shahin/Documents/VQA_AD/Selected_segments_frames/Turn_left_seg5_frame7.jpg
199,Why is the car turning to the left?,Causal,Because the road is bending to the left.,/home/shahin/Documents/VQA_AD/Selected_segments_frames/Turn_left_seg5_frame8.jpg
200,Why is the car turning to the left?,Causal,Because the road is bending to the left.,/home/shahin/Documents/VQA_AD/Selected_segments_frames/Turn_left_seg5_frame9.jpg
201,Why is the car turning to the right?,Causal,Because the road is bending to the right.,/home/shahin/Documents/VQA_AD/Selected_segments_frames/Turn_right_seg1_frame1.jpg
202,Why is the car turning to the right?,Causal,Because the road is bending to the right.,/home/shahin/Documents/VQA_AD/Selected_segments_frames/Turn_right_seg1_frame10.jpg
203,Why is the car turning to the right?,Causal,Because the road is bending to the right.,/home/shahin/Documents/VQA_AD/Selected_segments_frames/Turn_right_seg1_frame2.jpg
204,Why is the car turning to the right?,Causal,Because the road is bending to the right.,/home/shahin/Documents/VQA_AD/Selected_segments_frames/Turn_right_seg1_frame3.jpg
205,Why is the car turning to the right?,Causal,Because the road is bending to the right.,/home/shahin/Documents/VQA_AD/Selected_segments_frames/Turn_right_seg1_frame4.jpg
206,Why is the car turning to the right?,Causal,Because the road is bending to the right.,/home/shahin/Documents/VQA_AD/Selected_segments_frames/Turn_right_seg1_frame5.jpg
207,Why is the car turning to the right?,Causal,Because the road is bending to the right.,/home/shahin/Documents/VQA_AD/Selected_segments_frames/Turn_right_seg1_frame6.jpg
208,Why is the car turning to the right?,Causal,Because the road is bending to the right.,/home/shahin/Documents/VQA_AD/Selected_segments_frames/Turn_right_seg1_frame7.jpg
209,Why is the car turning to the right?,Causal,Because the road is bending to the right.,/home/shahin/Documents/VQA_AD/Selected_segments_frames/Turn_right_seg1_frame8.jpg
210,Why is the car turning to the right?,Causal,Because the road is bending to the right.,/home/shahin/Documents/VQA_AD/Selected_segments_frames/Turn_right_seg1_frame9.jpg
211,Why is the car turning to the right?,Causal,Because the road is bending to the right.,/home/shahin/Documents/VQA_AD/Selected_segments_frames/Turn_right_seg2_frame1.jpg
212,Why is the car turning to the right?,Causal,Because the road is bending to the right.,/home/shahin/Documents/VQA_AD/Selected_segments_frames/Turn_right_seg2_frame10.jpg
213,Why is the car turning to the right?,Causal,Because the road is bending to the right.,/home/shahin/Documents/VQA_AD/Selected_segments_frames/Turn_right_seg2_frame2.jpg
214,Why is the car turning to the right?,Causal,Because the road is bending to the right.,/home/shahin/Documents/VQA_AD/Selected_segments_frames/Turn_right_seg2_frame3.jpg
215,Why is the car turning to the right?,Causal,Because the road is bending to the right.,/home/shahin/Documents/VQA_AD/Selected_segments_frames/Turn_right_seg2_frame4.jpg
216,Why is the car turning to the right?,Causal,Because the road is bending to the right.,/home/shahin/Documents/VQA_AD/Selected_segments_frames/Turn_right_seg2_frame5.jpg
217,Why is the car turning to the right?,Causal,Because the road is bending to the right.,/home/shahin/Documents/VQA_AD/Selected_segments_frames/Turn_right_seg2_frame6.jpg
218,Why is the car turning to the right?,Causal,Because the road is bending to the right.,/home/shahin/Documents/VQA_AD/Selected_segments_frames/Turn_right_seg2_frame7.jpg
219,Why is the car turning to the right?,Causal,Because the road is bending to the right.,/home/shahin/Documents/VQA_AD/Selected_segments_frames/Turn_right_seg2_frame8.jpg
220,Why is the car turning to the right?,Causal,Because the road is bending to the right.,/home/shahin/Documents/VQA_AD/Selected_segments_frames/Turn_right_seg2_frame9.jpg
221,Why is the car turning to the right?,Causal,Because the road is bending to the right.,/home/shahin/Documents/VQA_AD/Selected_segments_frames/Turn_right_seg3_frame1.jpg
222,Why is the car turning to the right?,Causal,Because the road is bending to the right.,/home/shahin/Documents/VQA_AD/Selected_segments_frames/Turn_right_seg3_frame10.jpg
223,Why is the car turning to the right?,Causal,Because the road is bending to the right.,/home/shahin/Documents/VQA_AD/Selected_segments_frames/Turn_right_seg3_frame2.jpg
224,Why is the car turning to the right?,Causal,Because the road is bending to the right.,/home/shahin/Documents/VQA_AD/Selected_segments_frames/Turn_right_seg3_frame3.jpg
225,Why is the car turning to the right?,Causal,Because the road is bending to the right.,/home/shahin/Documents/VQA_AD/Selected_segments_frames/Turn_right_seg3_frame4.jpg
226,Why is the car turning to the right?,Causal,Because the road is bending to the right.,/home/shahin/Documents/VQA_AD/Selected_segments_frames/Turn_right_seg3_frame5.jpg
227,Why is the car turning to the right?,Causal,Because the road is bending to the right.,/home/shahin/Documents/VQA_AD/Selected_segments_frames/Turn_right_seg3_frame6.jpg
228,Why is the car turning to the right?,Causal,Because the road is bending to the right.,/home/shahin/Documents/VQA_AD/Selected_segments_frames/Turn_right_seg3_frame7.jpg
229,Why is the car turning to the right?,Causal,Because the road is bending to the right.,/home/shahin/Documents/VQA_AD/Selected_segments_frames/Turn_right_seg3_frame8.jpg
230,Why is the car turning to the right?,Causal,Because the road is bending to the right.,/home/shahin/Documents/VQA_AD/Selected_segments_frames/Turn_right_seg3_frame9.jpg
231,Why is the car turning to the right?,Causal,Because the road is bending to the right.,/home/shahin/Documents/VQA_AD/Selected_segments_frames/Turn_right_seg4_frame1.jpg
232,Why is the car turning to the right?,Causal,Because the road is bending to the right.,/home/shahin/Documents/VQA_AD/Selected_segments_frames/Turn_right_seg4_frame10.jpg
233,Why is the car turning to the right?,Causal,Because the road is bending to the right.,/home/shahin/Documents/VQA_AD/Selected_segments_frames/Turn_right_seg4_frame2.jpg
234,Why is the car turning to the right?,Causal,Because the road is bending to the right.,/home/shahin/Documents/VQA_AD/Selected_segments_frames/Turn_right_seg4_frame3.jpg
235,Why is the car turning to the right?,Causal,Because the road is bending to the right.,/home/shahin/Documents/VQA_AD/Selected_segments_frames/Turn_right_seg4_frame4.jpg
236,Why is the car turning to the right?,Causal,Because the road is bending to the right.,/home/shahin/Documents/VQA_AD/Selected_segments_frames/Turn_right_seg4_frame5.jpg
237,Why is the car turning to the right?,Causal,Because the road is bending to the right.,/home/shahin/Documents/VQA_AD/Selected_segments_frames/Turn_right_seg4_frame6.jpg
238,Why is the car turning to the right?,Causal,Because the road is bending to the right.,/home/shahin/Documents/VQA_AD/Selected_segments_frames/Turn_right_seg4_frame7.jpg
239,Why is the car turning to the right?,Causal,Because the road is bending to the right.,/home/shahin/Documents/VQA_AD/Selected_segments_frames/Turn_right_seg4_frame8.jpg
240,Why is the car turning to the right?,Causal,Because the road is bending to the right.,/home/shahin/Documents/VQA_AD/Selected_segments_frames/Turn_right_seg4_frame9.jpg
241,Why is the car turning to the right?,Causal,Because the road is bending to the right.,/home/shahin/Documents/VQA_AD/Selected_segments_frames/Turn_right_seg5_frame1.jpg
242,Why is the car turning to the right?,Causal,Because the road is bending to the right.,/home/shahin/Documents/VQA_AD/Selected_segments_frames/Turn_right_seg5_frame10.jpg
243,Why is the car turning to the right?,Causal,Because the road is bending to the right.,/home/shahin/Documents/VQA_AD/Selected_segments_frames/Turn_right_seg5_frame2.jpg
244,Why is the car turning to the right?,Causal,Because the road is bending to the right.,/home/shahin/Documents/VQA_AD/Selected_segments_frames/Turn_right_seg5_frame3.jpg
245,Why is the car turning to the right?,Causal,Because the road is bending to the right.,/home/shahin/Documents/VQA_AD/Selected_segments_frames/Turn_right_seg5_frame4.jpg
246,Why is the car turning to the right?,Causal,Because the road is bending to the right.,/home/shahin/Documents/VQA_AD/Selected_segments_frames/Turn_right_seg5_frame5.jpg
247,Why is the car turning to the right?,Causal,Because the road is bending to the right.,/home/shahin/Documents/VQA_AD/Selected_segments_frames/Turn_right_seg5_frame6.jpg
248,Why is the car turning to the right?,Causal,Because the road is bending to the right.,/home/shahin/Documents/VQA_AD/Selected_segments_frames/Turn_right_seg5_frame7.jpg
249,Why is the car turning to the right?,Causal,Because the road is bending to the right.,/home/shahin/Documents/VQA_AD/Selected_segments_frames/Turn_right_seg5_frame8.jpg
250,Why is the car turning to the right?,Causal,Because the road is bending to the right.,/home/shahin/Documents/VQA_AD/Selected_segments_frames/Turn_right_seg5_frame9.jpg
